City_ID,City,Country,Lat,Lng,Max Temp,Humidity,Cloudiness,Wind Speed,Current Description
0,Butaritari,KI,3.0707,172.7902,83.32,68,45,7.74,scattered clouds
1,Periyanayakkanpalaiyam,IN,11.15,76.9333,81.99,65,20,14.97,haze
2,Mataura,NZ,-46.1927,168.8643,44.47,91,100,6.73,light rain
3,San Patricio,US,28.017,-97.5169,84.88,74,1,13.15,clear sky
4,Nanortalik,GL,60.1432,-45.2371,45.7,93,100,7.67,moderate rain
5,Lompoc,US,34.6391,-120.4579,66.11,79,1,6.91,clear sky
6,Morondava,MG,-20.2833,44.2833,67.12,70,42,2.84,scattered clouds
7,Vuktyl,RU,63.8567,57.3094,60.58,85,31,4.9,scattered clouds
8,Vaini,TO,-21.2,-175.2,73.56,78,20,14.97,few clouds
9,Coquimbo,CL,-29.9533,-71.3436,51.53,100,90,12.66,fog
10,Arraial Do Cabo,BR,-22.9661,-42.0278,65.64,73,22,13.82,few clouds
11,Georgiyevskoye,RU,58.731,45.024,62.96,94,100,6.38,overcast clouds
12,Busselton,AU,-33.65,115.3333,58.05,69,100,9.55,overcast clouds
13,Bredasdorp,ZA,-34.5322,20.0403,55.27,94,100,3.44,overcast clouds
14,Garissa,KE,-0.4536,39.6401,70.75,81,55,13.13,broken clouds
15,Ribeira Grande,PT,38.5167,-28.7,72.72,95,24,11.34,few clouds
16,Santa Paula,US,34.3542,-119.0593,87.48,77,1,3.44,clear sky
17,Port-Gentil,GA,-0.7193,8.7815,76.59,78,100,11.7,overcast clouds
18,Narok,KE,-1.0783,35.8601,51.96,88,84,4.92,broken clouds
19,Sitka,US,57.0531,-135.33,62.49,72,75,0.0,broken clouds
20,Dunyapur,PK,29.7995,71.7196,89.62,42,83,13.87,broken clouds
21,Saskylakh,RU,71.9167,114.0833,81.12,33,8,9.46,clear sky
22,San Jeronimo,PE,-11.9472,-75.2829,45.12,80,59,1.97,broken clouds
23,Tiksi,RU,71.6872,128.8694,54.59,58,12,6.29,few clouds
24,Ushuaia,AR,-54.8,-68.3,40.66,75,0,5.75,clear sky
25,Wynyard,AU,-41.0,145.7167,53.2,84,53,12.03,broken clouds
26,Chuy,UY,-33.6971,-53.4616,50.97,94,88,6.13,overcast clouds
27,Kushima,JP,31.4583,131.2333,90.12,66,100,9.22,overcast clouds
28,Naze,JP,28.3667,129.4833,85.12,86,89,17.6,overcast clouds
29,Cape Town,ZA,-33.9258,18.4232,57.09,89,0,5.01,clear sky
30,Bandarbeyla,SO,9.4942,50.8122,82.26,62,23,30.11,few clouds
31,Ovalle,CL,-30.5983,-71.2003,63.91,40,0,2.17,clear sky
32,Eureka,US,40.8021,-124.1637,56.19,79,26,1.99,scattered clouds
33,Bathsheba,BB,13.2167,-59.5167,81.21,78,40,11.5,scattered clouds
34,Namibe,AO,-15.1961,12.1522,66.15,87,4,1.81,clear sky
35,Barrow,US,71.2906,-156.7887,44.62,81,90,12.66,overcast clouds
36,Yilan,TW,24.757,121.753,89.56,74,99,3.83,overcast clouds
37,Tagusao,PH,9.1924,117.8141,86.92,70,32,18.9,scattered clouds
38,Cidreira,BR,-30.1811,-50.2056,53.33,94,3,4.97,clear sky
39,Flinders,AU,-34.5833,150.8552,67.17,62,5,4.0,clear sky
40,Ponta Do Sol,PT,32.6667,-17.1,72.23,80,2,4.7,clear sky
41,Haines Junction,CA,60.7522,-137.5108,76.95,31,65,5.75,broken clouds
42,Camacha,PT,33.0833,-16.3333,68.76,83,40,12.66,scattered clouds
43,East London,ZA,-33.0153,27.9116,61.74,67,75,9.22,light rain
44,Port Alfred,ZA,-33.5906,26.891,59.94,85,88,10.4,light rain
45,Maniitsoq,GL,65.4167,-52.9,48.33,76,100,2.59,overcast clouds
46,Baglan,AF,36.1307,68.7083,90.37,15,0,2.75,clear sky
47,Humaita,BR,-7.5061,-63.0208,72.66,48,25,3.33,scattered clouds
48,Hobart,AU,-42.8794,147.3294,57.06,57,75,4.0,broken clouds
49,Dayong,CN,25.0209,118.2898,91.08,66,99,4.43,light rain
50,Jishou,CN,28.3167,109.7167,96.39,48,0,3.0,clear sky
51,Hay River,CA,60.8156,-115.7999,80.58,47,20,4.61,few clouds
52,Torbay,CA,47.6666,-52.7314,59.29,93,75,14.97,broken clouds
53,Roald,NO,62.5833,6.1333,52.32,87,75,8.05,broken clouds
54,Nizhniy Odes,RU,63.6445,54.856,60.73,85,23,4.16,few clouds
55,New Norfolk,AU,-42.7826,147.0587,56.7,46,76,5.68,broken clouds
56,Sainte-Rose,GP,16.3324,-61.6979,77.04,88,0,0.0,clear sky
57,Bilibino,RU,68.0546,166.4372,47.08,56,98,11.92,overcast clouds
58,Dover,US,39.1582,-75.5244,70.02,97,40,3.44,scattered clouds
59,Hit,IQ,33.6416,42.8251,93.61,13,5,8.32,clear sky
60,Kihei,US,20.785,-156.4656,80.62,72,20,27.63,few clouds
61,Olafsvik,IS,64.8945,-23.7142,53.26,89,80,3.36,broken clouds
62,Georgetown,MY,5.4112,100.3354,89.89,66,20,1.99,few clouds
63,Qaanaaq,GL,77.484,-69.3632,40.39,87,75,3.2,broken clouds
64,Black River,JM,18.0264,-77.8487,80.6,81,98,4.14,overcast clouds
65,Winchester,GB,51.0651,-1.3187,60.48,95,75,6.91,broken clouds
66,Malm,NO,64.0721,11.2172,50.79,83,47,4.18,scattered clouds
67,Racine,US,42.7495,-88.0751,64.54,89,0,0.0,clear sky
68,Nacala,MZ,-14.5428,40.6728,64.22,87,0,8.66,clear sky
69,Tello,CO,3.0669,-75.1378,72.82,67,100,3.65,overcast clouds
70,Kodiak,US,57.79,-152.4072,54.91,94,90,0.0,mist
71,Rikitea,PF,-23.1203,-134.9692,69.35,56,2,20.96,clear sky
72,Sechura,PE,-5.5569,-80.8222,65.8,77,0,9.82,clear sky
73,Vestmannaeyjar,IS,63.4427,-20.2734,53.42,88,86,6.93,overcast clouds
74,Isangel,VU,-19.55,169.2667,75.31,69,75,9.22,broken clouds
75,Hermanus,ZA,-34.4187,19.2345,55.8,88,77,10.09,broken clouds
76,Hami,CN,42.8,93.45,80.44,23,3,2.26,clear sky
77,Ancud,CL,-41.8697,-73.8203,47.73,89,100,3.22,overcast clouds
78,Carnarvon,AU,-24.8667,113.6333,64.47,37,0,18.41,clear sky
79,Punta Arenas,CL,-53.15,-70.9167,39.31,81,40,12.66,scattered clouds
80,Tura,IN,25.5198,90.2201,79.97,89,93,5.73,overcast clouds
81,Albany,US,42.6001,-73.9662,64.27,94,100,1.03,overcast clouds
82,Guliston,UZ,40.4897,68.7842,91.62,10,1,7.96,clear sky
83,Mar Del Plata,AR,-38.0023,-57.5575,42.1,1,0,5.01,clear sky
84,Opuwo,NA,-18.0607,13.84,54.86,39,0,6.67,clear sky
85,Avarua,CK,-21.2078,-159.775,77.05,94,75,12.66,light rain
86,Jamestown,US,42.097,-79.2353,62.19,95,90,1.01,overcast clouds
87,Yellowknife,CA,62.456,-114.3525,76.28,56,20,5.75,few clouds
88,Hobyo,SO,5.3505,48.5268,77.25,77,6,20.92,clear sky
89,Lorengau,PG,-2.0226,147.2712,85.55,70,52,9.98,broken clouds
90,Nara,JP,34.6851,135.8049,95.97,44,89,4.88,overcast clouds
91,Hithadhoo,MV,-0.6,73.0833,81.59,72,82,7.11,broken clouds
92,Bonavista,CA,48.6499,-53.1147,60.12,84,1,17.63,clear sky
93,Provideniya,RU,64.3833,-173.3,44.71,81,90,17.9,moderate rain
94,Orchard Homes,US,46.8633,-114.0484,69.94,89,75,1.01,broken clouds
95,Maues,BR,-3.3836,-57.7186,76.62,73,98,2.75,overcast clouds
96,Nikolskoye,RU,59.7035,30.7861,60.03,76,100,4.83,overcast clouds
97,Nakskov,DK,54.8373,11.1284,58.14,75,21,20.6,few clouds
98,Kromy,RU,52.6876,35.7667,71.82,66,54,6.51,broken clouds
99,Acapulco,MX,16.8634,-99.8901,80.76,86,29,3.15,scattered clouds
100,Simao,CN,22.7886,100.9748,80.04,62,10,2.71,clear sky
101,Piacabucu,BR,-10.4056,-36.4344,72.28,72,12,9.46,few clouds
102,Bluff,NZ,-46.6,168.3333,44.8,91,100,12.84,light rain
103,Faya,SA,18.3851,42.4509,66.31,62,62,4.03,broken clouds
104,Shubarkuduk,KZ,49.1447,56.4872,88.05,30,8,5.97,clear sky
105,Tuktoyaktuk,CA,69.4541,-133.0374,57.2,88,75,4.61,broken clouds
106,Tocopilla,CL,-22.092,-70.1979,61.43,67,78,3.56,broken clouds
107,Plettenberg Bay,ZA,-34.0527,23.3716,57.87,85,100,3.44,light rain
108,Antofagasta,CL,-23.65,-70.4,56.48,79,40,2.73,scattered clouds
109,Chapleau,CA,47.8405,-83.4034,51.33,93,64,4.03,broken clouds
110,Rocha,UY,-34.4833,-54.3333,43.84,96,0,3.33,clear sky
111,Rio Grande,BR,-32.035,-52.0986,47.95,94,0,6.87,clear sky
112,Otradnoye,RU,59.7775,30.8181,60.19,76,100,5.01,overcast clouds
113,Puerto Ayora,EC,-0.7393,-90.3518,70.56,92,43,1.99,scattered clouds
114,Buguruslan,RU,53.6554,52.442,77.85,41,60,3.36,broken clouds
115,Kahului,US,20.8947,-156.47,80.62,70,20,27.63,few clouds
116,Ormara,PK,25.2088,64.6357,82.22,84,96,15.17,overcast clouds
117,Ilulissat,GL,69.2167,-51.1,57.22,41,0,27.63,clear sky
118,Ranau,MY,5.9538,116.6641,81.25,53,88,0.81,overcast clouds
119,Tecoanapa,MX,16.5167,-98.75,80.55,85,94,3.94,overcast clouds
120,Daltenganj,IN,24.0333,84.0667,85.01,68,65,5.97,broken clouds
121,Zeya,RU,53.75,127.2667,66.04,66,96,3.31,overcast clouds
122,Airai,TL,-8.9266,125.4092,77.59,41,17,4.16,few clouds
123,Salalah,OM,17.0151,54.0924,77.09,100,90,4.61,light intensity drizzle
124,Zwedru,LR,6.0667,-8.1281,69.15,98,93,2.08,overcast clouds
125,Labuhan,ID,-6.8844,112.2051,87.49,54,56,2.93,broken clouds
126,Souillac,MU,-20.5167,57.5167,70.18,73,75,11.5,broken clouds
127,Sysert,RU,56.4953,60.8192,67.98,57,71,9.01,broken clouds
128,Peniche,PT,39.3558,-9.3811,69.76,95,77,5.12,broken clouds
129,Puerto Colombia,CO,10.9878,-74.9547,82.49,82,52,14.27,broken clouds
130,Cherskiy,RU,68.75,161.3,43.88,66,72,21.47,broken clouds
131,Ixtapa,MX,20.7,-105.2,77.31,93,57,2.33,broken clouds
132,Auki,SB,-8.7676,160.7034,80.42,83,34,6.62,scattered clouds
133,Norman Wells,CA,65.282,-126.8329,78.84,41,20,3.44,smoke
134,Castro,BR,-24.7911,-50.0119,44.56,97,13,3.22,few clouds
135,Blind River,CA,46.1834,-82.9582,62.71,69,95,5.57,overcast clouds
136,Hamilton,US,39.1834,-84.5333,65.95,80,1,0.0,clear sky
137,Madras,IN,13.0878,80.2785,89.58,51,20,12.66,few clouds
138,Belmonte,BR,-15.8631,-38.8828,64.9,74,100,12.68,overcast clouds
139,Bo Phloi,TH,14.3236,99.5161,92.32,51,97,14.56,overcast clouds
140,Mehamn,NO,71.0357,27.8492,46.58,81,75,8.05,moderate rain
141,Kapaa,US,22.0752,-159.319,84.18,77,75,5.99,broken clouds
142,Bayangol,RU,50.6977,103.4656,57.04,99,100,2.13,overcast clouds
143,Mahebourg,MU,-20.4081,57.7,70.09,73,75,11.5,broken clouds
144,Takoradi,GH,4.8845,-1.7554,74.34,92,6,5.14,clear sky
145,Severo-Kurilsk,RU,50.6789,156.125,57.7,67,22,13.6,few clouds
146,Ust-Tsilma,RU,65.441,52.1498,59.09,69,35,1.52,scattered clouds
147,Ust-Omchug,RU,61.15,149.6333,50.52,45,48,17.31,scattered clouds
148,Tessalit,ML,20.1986,1.0114,84.94,47,88,12.97,overcast clouds
149,Victoria,HK,22.2855,114.1577,91.96,81,100,1.01,light rain
150,Biak,ID,-0.9131,122.8766,82.51,70,16,5.21,few clouds
151,Goderich,CA,43.7501,-81.7165,65.91,82,23,9.22,few clouds
152,Padang,ID,-0.9492,100.3543,84.25,72,100,3.96,overcast clouds
153,Iqaluit,CA,63.7506,-68.5145,49.73,93,90,1.99,light rain
154,Fortuna,US,40.5982,-124.1573,55.92,91,20,9.22,few clouds
155,Ballina,AU,-28.8667,153.5667,67.78,86,100,6.22,overcast clouds
156,Nelson Bay,AU,-32.7167,152.15,68.09,64,74,11.79,broken clouds
157,Joensuu,FI,62.6012,29.7632,63.27,85,90,1.01,overcast clouds
158,Saint-Philippe,RE,-21.3585,55.7679,71.15,74,38,8.48,scattered clouds
159,Guerrero Negro,MX,27.9769,-114.0611,74.25,74,0,12.3,clear sky
160,Lipin Bor,RU,60.2622,37.9763,60.58,89,86,7.43,overcast clouds
161,Hilo,US,19.7297,-155.09,76.24,87,70,7.09,light rain
162,Vardo,NO,70.3705,31.1107,48.4,93,100,17.36,light rain
163,Chokurdakh,RU,70.6333,147.9167,51.04,47,30,7.05,scattered clouds
164,Xining,CN,36.6167,101.7667,78.94,37,58,9.04,broken clouds
165,Rio Bananal,BR,-19.265,-40.3333,58.12,85,78,4.07,broken clouds
166,Oudtshoorn,ZA,-33.5907,22.2014,52.16,85,50,1.88,scattered clouds
167,Faanui,PF,-16.4833,-151.75,77.9,71,24,14.72,few clouds
168,Hasaki,JP,35.7333,140.8333,90.28,81,45,11.81,scattered clouds
169,Touros,BR,-5.1989,-35.4608,74.3,80,8,15.84,clear sky
170,Bougouni,ML,11.417,-7.479,70.29,97,18,5.06,few clouds
171,Bang Saphan,TH,11.2126,99.5117,91.35,61,100,11.59,overcast clouds
172,Nola,IT,40.922,14.5329,79.16,59,3,2.86,clear sky
173,Savannah Bight,HN,16.45,-85.85,80.01,80,31,19.3,scattered clouds
174,Bengkulu,ID,-3.8004,102.2655,79.18,87,60,10.76,broken clouds
175,Abu Kamal,SY,34.4506,40.9171,88.16,27,0,10.04,clear sky
176,Pevek,RU,69.7008,170.3133,35.91,87,100,16.96,overcast clouds
177,Salinopolis,BR,-0.6136,-47.3561,76.87,81,54,3.8,broken clouds
178,Ayagoz,KZ,47.9714,80.4392,84.06,20,1,4.29,clear sky
179,Dwarka,IN,22.2394,68.9678,82.74,81,94,21.07,overcast clouds
180,Pangoa,PE,-12.1167,-73.0,64.49,73,30,2.89,scattered clouds
181,Upernavik,GL,72.7868,-56.1549,41.38,82,2,10.4,clear sky
182,Asau,RO,46.4333,26.4,73.76,74,24,5.97,light rain
183,Constitucion,CL,-35.3333,-72.4167,52.36,63,0,5.95,clear sky
184,Ambilobe,MG,-13.2,49.05,69.64,73,15,2.64,few clouds
185,Khatanga,RU,71.9667,102.5,71.94,46,87,5.5,overcast clouds
186,Ossora,RU,59.2353,163.0719,53.64,70,100,6.17,overcast clouds
187,Cabo San Lucas,MX,22.8909,-109.9124,87.51,77,17,5.99,few clouds
188,Huarmey,PE,-10.0681,-78.1522,64.58,85,50,7.85,scattered clouds
189,Narsaq,GL,60.9167,-46.05,57.42,98,100,2.73,moderate rain
190,Funtua,NG,11.5233,7.3081,67.93,96,100,8.81,light rain
191,Sao Filipe,CV,14.8961,-24.4956,75.25,76,16,0.89,few clouds
192,Mkushi,ZM,-13.6202,29.3939,50.05,93,11,4.07,few clouds
193,Carson City,US,39.1638,-119.7674,81.43,22,1,0.0,clear sky
194,Saldanha,ZA,-33.0117,17.9442,54.79,87,27,7.14,scattered clouds
195,Matay,EG,28.419,30.7792,81.64,39,3,7.23,clear sky
196,Sola,VU,-13.8833,167.55,76.03,60,80,14.12,broken clouds
197,Vanderhoof,CA,54.0166,-124.0198,74.26,49,92,6.02,overcast clouds
198,Bella Union,UY,-30.2752,-57.6007,46.22,83,0,6.76,clear sky
199,Bafq,IR,31.6128,55.4107,87.66,12,75,11.45,broken clouds
200,San Jose,US,37.3394,-121.895,67.71,67,20,10.36,few clouds
201,Ulaangom,MN,49.9811,92.0667,72.72,34,8,8.3,clear sky
202,Erenhot,CN,43.6475,111.9767,74.53,33,99,12.66,overcast clouds
203,Esperance,AU,-33.8667,121.9,56.14,63,100,16.46,overcast clouds
204,Katsuura,JP,35.1333,140.3,89.71,83,84,10.85,broken clouds
205,Soe,ID,-9.8607,124.284,83.39,40,33,10.13,scattered clouds
206,Port Augusta,AU,-32.5,137.7667,63.72,45,83,27.47,broken clouds
207,Erzin,TR,36.9559,36.2,79.52,62,0,0.29,clear sky
208,Dikson,RU,73.5069,80.5464,42.73,98,99,9.84,overcast clouds
209,Assiniboia,CA,49.6334,-105.9845,71.51,40,100,6.91,overcast clouds
210,Ostrovnoy,RU,68.0531,39.5131,54.73,73,33,10.16,scattered clouds
211,Sorland,NO,67.667,12.6934,49.19,76,100,14.38,overcast clouds
212,Port Blair,IN,11.6667,92.75,83.35,80,100,20.2,overcast clouds
213,Taoudenni,ML,22.6783,-3.9836,97.34,28,83,14.16,broken clouds
214,Alnashi,RU,56.1874,52.4792,70.66,59,89,8.93,overcast clouds
215,Vila Franca Do Campo,PT,37.7167,-25.4333,70.21,90,55,9.06,broken clouds
216,Petropavlovsk-Kamchatskiy,RU,53.0452,158.6483,73.99,38,20,13.42,few clouds
217,Puerto Leguizamo,CO,-0.1934,-74.7819,68.41,91,100,2.13,overcast clouds
218,Atuona,PF,-9.8,-139.0333,77.43,68,18,11.48,few clouds
219,Port Hardy,CA,50.6996,-127.4199,60.98,82,75,5.75,broken clouds
220,Kitgum,UG,3.2783,32.8867,66.29,89,100,3.06,overcast clouds
221,Boa Vista,BR,2.8197,-60.6733,75.18,88,90,3.44,overcast clouds
222,Kuala Terengganu,MY,5.3302,103.1408,87.75,66,20,5.75,few clouds
223,Emmauss,RU,56.7805,36.115,64.38,75,99,3.06,overcast clouds
224,Bima,ID,-8.4667,118.7167,90.12,52,45,8.28,scattered clouds
225,Ngunguru,NZ,-35.6167,174.5,62.17,61,33,8.81,scattered clouds
226,Longyearbyen,SJ,78.2186,15.6401,44.44,76,40,10.36,scattered clouds
227,Grindavik,IS,63.8424,-22.4338,52.56,93,75,5.75,broken clouds
228,Hambantota,LK,6.1241,81.1185,85.23,66,77,19.17,broken clouds
229,Darovskoy,RU,58.77,47.9564,65.05,89,100,5.75,overcast clouds
230,Coihaique,CL,-45.5752,-72.0662,48.15,76,90,6.91,light rain
231,Luce,FR,48.4369,1.4636,58.75,87,34,1.01,scattered clouds
232,Half Moon Bay,US,37.4636,-122.4286,67.62,78,20,5.75,few clouds
233,Ruwi,OM,23.5996,58.5507,92.89,62,99,4.5,overcast clouds
234,Manggar,ID,-2.8833,108.2667,85.62,63,92,13.15,overcast clouds
235,Dingle,PH,10.9995,122.6711,89.44,62,98,16.67,overcast clouds
236,Uthal,PK,25.8072,66.6219,84.97,72,81,3.6,broken clouds
237,A Coruna,ES,43.3713,-8.396,61.25,89,0,1.99,clear sky
238,Mujiayingzi,CN,42.1167,118.7833,69.67,67,49,11.54,scattered clouds
239,Chumikan,RU,54.7183,135.315,54.77,84,100,13.62,overcast clouds
240,Lebu,CL,-37.6167,-73.65,49.24,82,5,16.28,clear sky
241,Sambava,MG,-14.2667,50.1667,67.35,86,39,8.84,scattered clouds
242,Sao Felix Do Xingu,BR,-6.6447,-51.995,73.36,55,49,1.54,scattered clouds
243,Diamantino,BR,-14.4086,-56.4461,71.46,34,0,6.49,clear sky
244,Los Llanos De Aridane,ES,28.6585,-17.9182,67.75,79,90,18.41,overcast clouds
245,Quatre Cocos,MU,-20.2078,57.7625,69.91,65,6,14.23,clear sky
246,Caravelas,BR,-17.7125,-39.2481,66.99,74,74,8.12,broken clouds
247,Kenai,US,60.5544,-151.2583,74.03,53,1,6.91,clear sky
248,Komsomolskiy,UZ,40.4272,71.7189,84.92,32,11,4.61,few clouds
249,Richards Bay,ZA,-28.783,32.0377,68.41,73,95,16.17,overcast clouds
250,Juegang,CN,32.3174,121.1855,83.3,80,15,10.2,light rain
251,Borovoy,RU,55.4333,86.0833,72.68,60,0,4.47,clear sky
252,Kaitangata,NZ,-46.2817,169.8464,52.93,69,100,4.81,overcast clouds
253,Yinchuan,CN,38.4681,106.2731,88.84,19,85,3.29,overcast clouds
254,Clyde River,CA,70.4692,-68.5914,39.43,93,90,13.8,overcast clouds
255,Svetlogorsk,BY,52.6333,29.7333,69.57,83,98,10.42,overcast clouds
256,Lorain,US,41.3334,-82.1499,68.32,81,75,4.61,broken clouds
257,Buala,SB,-8.145,159.5921,79.65,84,100,7.58,light rain
258,Gulariya,NP,28.2333,81.3333,82.18,73,61,12.39,broken clouds
259,Nome,US,64.5011,-165.4064,54.16,94,90,8.05,light rain
260,Axim,GH,4.8699,-2.2405,74.86,90,6,3.98,clear sky
261,Mersing,MY,2.4312,103.8405,91.31,62,40,5.75,scattered clouds
262,Cedar City,US,37.6775,-113.0619,65.39,63,1,8.05,clear sky
263,Inhambane,MZ,-23.865,35.3833,58.98,100,0,3.44,clear sky
264,Batagay-Alyta,RU,67.8006,130.4114,73.27,38,0,6.78,clear sky
265,Codrington,AU,-38.2667,141.9667,57.83,67,12,20.62,few clouds
266,Moose Factory,CA,51.2585,-80.6094,51.8,87,90,8.05,overcast clouds
267,Dabat,ET,12.9842,37.765,52.14,89,31,1.25,scattered clouds
268,Sompeta,IN,18.9333,84.6,86.38,66,100,4.18,overcast clouds
269,North Platte,US,41.1239,-100.7654,69.03,69,1,3.0,clear sky
270,Novomichurinsk,RU,54.0384,39.7479,77.61,59,16,5.08,few clouds
271,Yulara,AU,-25.2406,130.9889,64.24,17,0,10.36,clear sky
272,Bullhead City,US,35.1478,-114.5683,103.42,26,1,0.0,clear sky
273,Pacific Grove,US,36.6177,-121.9166,66.45,82,1,1.99,clear sky
274,Novaya Lyalya,RU,59.055,60.599,64.29,70,69,7.74,broken clouds
275,Corowa,AU,-36.0333,146.3833,60.39,58,0,9.53,clear sky
276,Anqing,CN,30.5092,117.0506,93.31,54,10,10.02,light rain
277,Margate,GB,51.3813,1.3862,57.69,78,88,1.99,overcast clouds
278,Upata,VE,8.0086,-62.3989,73.18,96,82,1.9,broken clouds
279,Celestun,MX,20.8667,-90.4,81.28,79,86,11.95,overcast clouds
280,Taybad,IR,34.74,60.7756,84.54,11,0,24.36,clear sky
281,Ati,TD,13.2154,18.3353,75.74,80,99,7.49,overcast clouds
282,Luderitz,NA,-26.6481,15.1594,62.56,36,0,6.64,clear sky
283,Barcelos,PT,41.5388,-8.6151,65.91,94,100,2.89,overcast clouds
284,Kieta,PG,-6.2167,155.6333,82.63,78,26,6.46,light rain
285,Agapovka,RU,53.2973,59.1348,81.61,47,22,7.4,few clouds
286,Brae,GB,60.3964,-1.353,48.11,79,100,11.65,overcast clouds
287,Saint-Augustin,CA,51.226,-58.6502,55.2,84,96,9.6,overcast clouds
288,Aripuana,BR,-9.1667,-60.6333,70.83,48,67,3.02,broken clouds
289,Oksfjord,NO,70.2396,22.3479,47.32,78,77,6.22,broken clouds
290,Pandharpur,IN,17.6667,75.3333,80.04,64,100,21.32,overcast clouds
291,Sampit,ID,-2.5333,112.95,85.68,68,87,3.31,overcast clouds
292,Mchinji,MW,-13.7984,32.8802,52.7,80,32,2.39,scattered clouds
293,Arman,RU,59.7,150.1667,59.92,41,5,28.83,clear sky
294,Battle Creek,US,42.3212,-85.1797,61.09,67,1,3.44,clear sky
295,Langsa,ID,4.4683,97.9683,88.27,57,88,3.42,overcast clouds
296,Guapiacu,BR,-20.795,-49.2203,64.69,45,0,4.61,clear sky
297,Broome,US,42.2506,-75.833,61.38,98,90,1.99,mist
298,Te Anau,NZ,-45.4167,167.7167,46.35,90,100,2.66,moderate rain
299,Thompson,CA,55.7435,-97.8558,69.96,64,75,8.05,smoke
300,Buin,CL,-33.7333,-70.75,63.73,20,0,3.8,clear sky
301,Virginia Beach,US,36.8529,-75.978,76.01,88,75,0.0,broken clouds
302,Charyshskoye,RU,51.3978,83.5598,78.17,46,56,2.98,broken clouds
303,Lunenburg,CA,44.3835,-64.3155,60.8,95,16,1.14,few clouds
304,Qui Nhon,VN,13.7667,109.2333,92.55,51,81,20.07,broken clouds
305,Makakilo City,US,21.3469,-158.0858,82.72,51,1,10.36,clear sky
306,Beringovskiy,RU,63.05,179.3167,45.03,80,99,24.23,overcast clouds
307,Ilebo,CD,-4.3167,20.5833,63.52,42,67,2.53,broken clouds
308,Oltu,TR,40.5498,42.0013,65.23,78,1,1.97,clear sky
309,Port Hedland,AU,-20.3167,118.5667,75.25,23,0,19.57,clear sky
310,College,US,64.8569,-147.8028,75.18,61,75,4.61,broken clouds
311,Namatanai,PG,-3.6667,152.4333,82.31,78,36,8.55,light rain
312,Vanimo,PG,-2.6741,141.3028,86.22,65,40,6.33,scattered clouds
313,El Alto,PE,-4.2714,-81.2147,64.4,79,0,17.4,clear sky
314,Bambous Virieux,MU,-20.3428,57.7575,70.05,73,75,11.5,broken clouds
315,Itarema,BR,-2.9248,-39.9167,75.11,63,41,8.12,scattered clouds
316,Puerto Escondido,MX,15.85,-97.0667,81.43,69,75,5.75,broken clouds
317,Ahipara,NZ,-35.1667,173.1667,57.65,69,21,11.63,few clouds
318,Cap Malheureux,MU,-19.9842,57.6142,70.29,78,6,5.99,clear sky
319,Olinda,BR,-8.0089,-34.8553,71.33,88,40,6.91,scattered clouds
320,Nemuro,JP,43.3236,145.575,63.03,97,99,1.7,overcast clouds
321,Karla,EE,59.3723,24.9275,60.57,86,0,6.91,clear sky
322,Tamworth,GB,52.634,-1.6959,55.72,84,99,1.01,overcast clouds
323,Kununurra,AU,-15.7667,128.7333,93.18,36,20,4.61,few clouds
324,Kigorobya,UG,1.6162,31.3089,68.0,52,97,4.29,overcast clouds
325,Tomatlan,MX,19.9333,-105.25,77.22,88,82,3.06,broken clouds
326,Bubaque,GW,11.2833,-15.8333,78.87,84,90,19.98,moderate rain
327,Tieling,CN,42.2931,123.8414,75.92,78,100,3.53,overcast clouds
328,Bethel,US,41.3712,-73.414,68.31,92,20,0.0,few clouds
329,Sadiqabad,PK,28.3062,70.1307,92.26,51,71,13.27,broken clouds
330,Yarmouth,US,41.7057,-70.2286,68.11,80,90,1.01,overcast clouds
331,Saint George,US,37.1041,-113.5841,90.63,32,1,1.99,clear sky
332,Aksu,CN,41.1231,80.2644,86.47,10,98,7.43,overcast clouds
333,Brigantine,US,39.4101,-74.3646,69.01,92,35,6.51,scattered clouds
334,Mandalgovi,MN,45.7625,106.2708,73.29,30,82,18.68,broken clouds
335,Newark,US,40.7357,-74.1724,69.75,93,90,0.0,overcast clouds
336,Geraldton,AU,-28.7667,114.6,62.13,63,64,12.66,broken clouds
337,Baykit,RU,61.67,96.37,73.98,44,100,6.96,overcast clouds
338,Egvekinot,RU,66.3167,-179.1667,45.37,59,98,3.78,overcast clouds
339,Verkhoyansk,RU,67.5447,133.385,74.03,23,0,4.68,clear sky
340,Gigmoto,PH,13.7796,124.39,88.81,65,100,12.84,overcast clouds
341,La Libertad,EC,-2.2333,-80.9,69.71,83,95,11.48,overcast clouds
342,Ola,RU,59.5833,151.2833,59.34,45,13,21.41,few clouds
343,Benjamin Hill,MX,30.1667,-111.1,85.17,38,26,12.66,scattered clouds
344,Vyazma,RU,55.2104,34.2951,64.58,87,88,7.56,overcast clouds
345,Kirakira,SB,-10.4544,161.9205,79.47,73,100,9.64,overcast clouds
346,Nizwa,OM,22.9333,57.5333,89.73,40,100,3.27,overcast clouds
347,Khalkhal,IR,37.6189,48.5258,61.56,65,80,5.77,broken clouds
348,Port Elizabeth,ZA,-33.918,25.5701,58.1,94,90,6.91,light rain
349,Seoul,KR,37.5683,126.9778,84.61,74,90,5.75,light rain
350,Berlevag,NO,70.8578,29.0864,46.4,94,100,14.27,light rain
351,Rongcheng,CN,30.634,117.8517,92.16,60,0,6.67,light rain
352,Praia Da Vitoria,PT,38.7333,-27.0667,74.75,94,90,12.06,overcast clouds
353,Pauini,BR,-7.7136,-66.9764,74.28,51,68,2.64,broken clouds
354,Eyrarbakki,IS,63.863,-21.1481,53.2,89,82,5.41,broken clouds
355,Hede,CN,33.7681,120.2517,86.2,70,38,8.3,light rain
356,Huesca,ES,42.1362,-0.4087,60.96,76,0,4.0,clear sky
357,Ponta Delgada,PT,37.7333,-25.6667,70.52,94,75,10.36,light intensity drizzle
358,Gamba,GA,-2.65,10.0,71.78,88,43,3.44,scattered clouds
359,Lianran,CN,24.9227,102.485,75.74,43,0,3.31,clear sky
360,Zhezkazgan,KZ,47.8043,67.7144,89.26,23,7,3.53,clear sky
361,Duldurga,RU,50.6761,113.5931,74.66,53,53,9.17,broken clouds
362,Itaituba,BR,-4.2761,-55.9836,74.55,76,95,2.57,overcast clouds
363,Palmer,US,42.1584,-72.3287,66.02,84,90,0.0,overcast clouds
364,Nieuw Nickerie,SR,5.95,-56.9833,77.02,86,100,4.21,overcast clouds
365,Moron,AR,-34.6534,-58.6198,48.0,87,0,1.01,clear sky
366,Aykhal,RU,66.0,111.5,78.1,30,46,13.67,scattered clouds
367,Dodge City,US,37.7528,-100.0171,68.65,70,1,4.0,clear sky
368,Mildura,AU,-34.2,142.15,63.07,48,75,17.27,broken clouds
369,Maridi,SS,4.9158,29.4742,64.78,99,99,5.28,light rain
370,Dunedin,NZ,-45.8742,170.5036,50.81,76,100,5.01,overcast clouds
371,Padre Bernardo,BR,-15.35,-48.5,67.87,53,1,6.53,clear sky
372,Vostok,RU,46.4856,135.8833,85.28,43,58,4.45,broken clouds
373,Preeceville,CA,51.95,-102.6677,68.59,37,79,5.19,broken clouds
374,Tautira,PF,-17.7333,-149.15,78.01,66,3,10.54,clear sky
375,Anlu,CN,31.1661,112.5831,91.89,67,89,9.4,overcast clouds
376,Klaksvik,FO,62.2266,-6.589,47.32,79,98,4.52,overcast clouds
377,Mahenge,TZ,-8.6833,36.7167,56.32,92,64,2.06,light rain
378,Shatrovo,RU,56.5167,64.6333,71.11,57,70,10.65,broken clouds
379,Kidal,ML,18.4411,1.4078,84.67,42,100,14.12,overcast clouds
380,Kansanshi,ZM,-12.0951,26.4273,49.84,81,9,3.67,clear sky
381,Sakakah,SA,29.9697,40.2064,83.77,24,0,8.1,clear sky
382,Skjervoy,NO,70.0311,20.9714,46.4,71,77,9.33,broken clouds
383,Santa Cruz Do Capibaribe,BR,-7.9575,-36.2047,66.6,81,87,11.12,overcast clouds
384,Ambon,ID,-3.6954,128.1814,89.74,62,40,5.75,scattered clouds
385,Tasiilaq,GL,65.6145,-37.6368,44.76,77,100,3.62,overcast clouds
386,Sur,OM,22.5667,59.5289,92.12,53,91,6.6,overcast clouds
387,West Milford,US,41.1312,-74.3674,67.46,96,65,3.91,broken clouds
388,Vancouver,CA,49.2497,-123.1193,75.29,69,90,1.99,smoke
389,Leh,IN,34.1667,77.5833,63.72,44,4,6.08,clear sky
390,Tomaszow Lubelski,PL,50.4477,23.4162,59.81,94,48,11.7,scattered clouds
391,Aswan,EG,24.0934,32.907,88.2,17,30,5.88,scattered clouds
392,Gravdal,NO,68.1214,13.5031,48.45,77,100,13.13,overcast clouds
393,Hibbing,US,47.4272,-92.9377,62.58,87,90,0.0,overcast clouds
394,Tanete,ID,-3.9443,119.7848,87.03,60,67,10.27,broken clouds
395,Mareeba,AU,-17.0,145.4333,80.44,45,1,8.12,clear sky
396,Tartagal,AR,-22.5164,-63.8013,53.37,41,83,4.29,broken clouds
397,Evensk,RU,61.95,159.2333,53.04,66,100,15.64,overcast clouds
398,Jaen,ES,38.0,-3.5,63.93,26,100,0.81,overcast clouds
399,Luzhou,CN,28.8724,105.4405,91.81,57,0,3.87,clear sky
400,Llano Largo,PA,7.9,-80.4333,78.31,83,100,1.03,overcast clouds
401,Guane,CU,22.2025,-84.0875,78.62,81,8,3.31,clear sky
402,Vila Velha,BR,-20.3297,-40.2925,60.75,88,75,2.3,broken clouds
403,Anchorage,US,61.2181,-149.9003,76.28,62,1,5.75,clear sky
404,Nizhnevartovsk,RU,60.9344,76.5531,59.02,82,100,8.95,light rain
405,Almansa,ES,38.8692,-1.0971,65.05,81,87,4.09,overcast clouds
406,Dire Dawa,ET,9.5931,41.8661,68.58,66,30,15.08,scattered clouds
407,Wollongong,AU,-34.4333,150.8833,67.06,62,4,11.83,clear sky
408,Kruisfontein,ZA,-34.0033,24.7314,55.89,96,94,5.21,moderate rain
409,Igarka,RU,67.4667,86.5833,67.08,61,28,5.75,scattered clouds
410,Tual,ID,-5.6667,132.75,81.52,78,23,11.34,few clouds
411,Portlethen,GB,57.0547,-2.1307,49.82,93,90,3.44,overcast clouds
412,Port Lincoln,AU,-34.7333,135.8667,53.91,71,100,19.24,overcast clouds
413,Maldonado,UY,-34.6667,-54.9167,44.22,94,0,1.43,clear sky
414,Sangar,RU,63.9242,127.4739,80.22,25,81,6.73,broken clouds
415,Linxia,CN,35.6003,103.2064,82.62,36,34,5.06,scattered clouds
416,Lasa,IT,46.6166,10.7002,54.48,89,88,4.76,overcast clouds
417,Makat,KZ,47.6469,53.3463,91.89,18,1,4.23,clear sky
418,Yerbogachen,RU,61.2767,108.0108,76.84,37,100,10.67,overcast clouds
419,Shingu,JP,33.7333,135.9833,85.19,68,98,8.3,overcast clouds
420,Talnakh,RU,69.4865,88.3972,67.95,58,65,6.62,broken clouds
421,Bull Savanna,JM,17.8868,-77.5902,77.81,86,100,11.34,overcast clouds
422,Puebloviejo,CO,10.9938,-74.2844,86.11,81,81,8.32,broken clouds
423,Kikwit,CD,-5.041,18.8162,70.29,30,100,2.66,overcast clouds
424,Vyselki,RU,45.5794,39.6597,79.14,44,0,4.18,clear sky
425,Fort Pierce,US,27.4467,-80.3256,82.09,80,40,5.99,scattered clouds
426,Santa Vitoria Do Palmar,BR,-33.5189,-53.3681,51.03,93,79,6.15,broken clouds
427,Bintulu,MY,3.1667,113.0333,84.61,79,20,4.61,few clouds
428,Oranjemund,NA,-28.55,16.4333,54.95,74,0,6.55,clear sky
429,Tuatapere,NZ,-46.1333,167.6833,44.82,95,100,5.3,overcast clouds
430,Arawa,PG,-6.2132,155.5367,83.17,79,34,3.94,light rain
431,Karaton,ID,-6.3424,106.1045,84.36,63,79,1.63,broken clouds
432,Coventry,GB,52.4066,-1.5122,55.65,91,0,3.44,clear sky
433,Henties Bay,NA,-22.116,14.2845,71.85,29,0,14.25,clear sky
434,Bordighera,IT,43.7806,7.6645,72.14,83,25,10.0,scattered clouds
435,Khartoum,SD,15.5518,32.5324,82.02,71,66,3.0,broken clouds
436,Ningxiang,CN,37.34,111.2052,83.75,36,10,3.11,clear sky
437,Weligama,LK,5.9667,80.4167,82.83,73,81,11.48,broken clouds
438,Qinzhou,CN,21.95,108.6167,85.96,72,97,11.7,light rain
439,Walvis Bay,NA,-22.9575,14.5053,72.09,19,0,16.11,clear sky
440,Alenquer,BR,-1.9417,-54.7383,73.74,83,22,3.44,few clouds
441,Karratha,AU,-20.7377,116.8463,74.73,27,0,17.49,clear sky
442,Shahpur,IN,16.7,76.8333,78.44,67,98,19.91,overcast clouds
443,Carahue,CL,-38.7,-73.1667,43.0,86,9,0.96,clear sky
444,Bom Jesus Da Lapa,BR,-13.255,-43.4181,67.95,52,100,8.57,overcast clouds
445,Zhangye,CN,38.9342,100.4517,67.26,56,100,15.03,light rain
446,Mayo,US,38.8876,-76.5119,71.87,94,40,1.01,scattered clouds
447,Muros,ES,42.7762,-9.0603,64.83,92,68,8.01,broken clouds
448,Cayenne,GF,4.9333,-52.3333,74.08,91,75,0.0,broken clouds
449,Rawson,AR,-43.3002,-65.1023,54.48,37,26,7.54,scattered clouds
450,Bilma,NE,18.6853,12.9164,88.2,14,8,3.36,clear sky
451,Mocuba,MZ,-16.8392,36.9856,56.55,94,0,3.67,clear sky
452,Kloulklubed,PW,7.0419,134.2556,82.9,73,100,13.78,overcast clouds
453,Aksarka,RU,66.5606,67.7975,61.99,78,86,6.98,overcast clouds
454,Guican,CO,6.4618,-72.4113,49.62,94,99,3.02,overcast clouds
455,Okhotsk,RU,59.3833,143.3,62.1,59,2,15.21,clear sky
456,Oranjestad,AW,12.524,-70.027,82.35,78,20,25.32,few clouds
457,Albanel,CA,48.8832,-72.4487,57.34,87,60,5.75,broken clouds
458,Muisne,EC,0.6,-80.0333,75.65,84,100,9.06,overcast clouds
459,Marzuq,YE,14.4,46.4667,79.11,66,33,4.56,scattered clouds
460,Nassjo,SE,57.6531,14.6968,52.29,98,28,5.77,scattered clouds
461,Bismarck,US,46.8083,-100.7837,71.82,54,1,3.0,clear sky
462,San Policarpo,PH,12.1791,125.5072,91.87,55,100,7.61,overcast clouds
463,Yerofey Pavlovich,RU,53.9667,121.9667,68.31,49,27,6.6,scattered clouds
464,Anadyr,RU,64.75,177.4833,50.5,76,40,4.0,light intensity shower rain
465,Culpeper,US,38.5004,-77.9664,72.21,79,1,0.0,clear sky
466,Asyut,EG,27.181,31.1837,85.26,22,8,3.67,clear sky
467,Fazalpur,PK,32.1833,75.0667,87.55,59,7,5.21,clear sky
468,Zemio,CF,5.0314,25.1361,67.44,99,100,2.1,light rain
469,Mogadishu,SO,2.0371,45.3438,75.81,84,57,14.43,light rain
470,Hofn,IS,64.2539,-15.2082,53.42,92,100,3.29,overcast clouds
471,Slupsk,PL,54.4641,17.0287,56.34,96,56,6.87,broken clouds
472,Bollnas,SE,61.3482,16.3946,50.4,98,100,5.39,moderate rain
473,Muramvya,BI,-3.2682,29.6079,54.84,61,50,3.56,scattered clouds
474,Nuuk,GL,64.1835,-51.7216,56.01,71,75,4.61,broken clouds
475,Zhuhai,CN,22.2769,113.5678,91.71,84,40,10.36,scattered clouds
476,Alofi,NU,-19.0595,-169.9187,76.89,69,75,14.97,broken clouds
477,Gambela,ET,8.25,34.5833,69.19,97,100,3.33,light rain
478,Mazagao,BR,-0.115,-51.2894,78.85,94,51,1.88,broken clouds
479,Waupun,US,43.6333,-88.7296,62.2,85,0,3.89,clear sky
480,Meulaboh,ID,4.1363,96.1285,83.55,65,92,1.88,overcast clouds
481,Mahon,ES,39.8885,4.2658,68.56,83,20,5.75,few clouds
482,Arcachon,FR,44.5875,-1.0519,55.72,94,0,3.44,clear sky
483,Bure,ET,10.7,37.0667,54.09,96,79,2.64,broken clouds
484,Two Hills,CA,53.7169,-111.7518,75.69,60,78,6.91,broken clouds
485,Kungurtug,RU,50.5994,97.5228,52.36,87,100,7.72,overcast clouds
486,Kavaratti,IN,10.5669,72.642,82.4,74,54,15.52,broken clouds
487,Leningradskiy,RU,69.3833,178.4167,33.44,99,100,17.07,snow
488,Aklavik,CA,68.2191,-135.0107,72.43,62,97,10.89,overcast clouds
489,Mucurapo,TT,10.6667,-61.5333,79.25,91,14,6.33,few clouds
490,Laguna,US,38.421,-121.4238,85.82,56,1,5.99,clear sky
491,Labytnangi,RU,66.6572,66.4183,61.77,79,93,5.95,overcast clouds
492,Husavik,IS,66.0449,-17.3389,49.91,73,100,1.39,overcast clouds
493,Gilbues,BR,-9.8317,-45.3439,70.18,49,61,7.58,broken clouds
494,Soyo,AO,-6.1349,12.3689,71.06,89,65,3.98,broken clouds
495,Sosnovo-Ozerskoye,RU,52.5249,111.5418,72.3,40,10,6.31,clear sky
496,San Matias,BO,-16.3667,-58.4,68.83,33,0,9.08,clear sky
497,Jesus Carranza,MX,17.4333,-95.0333,77.22,90,100,1.21,overcast clouds
498,Bourail,NC,-21.5667,165.4833,69.73,51,0,11.45,clear sky
499,Pangnirtung,CA,66.1451,-65.7125,50.54,82,100,0.34,overcast clouds
500,Kudahuvadhoo,MV,2.6708,72.8944,81.99,73,71,7.49,broken clouds
501,Urucara,BR,-2.5364,-57.76,75.4,81,100,2.48,overcast clouds
502,Novyy Svit,UA,47.8059,38.0211,79.34,51,79,2.46,broken clouds
503,Kyren,RU,51.6828,102.1408,57.49,97,100,1.12,overcast clouds
504,Lazaro Cardenas,MX,17.9583,-102.2,80.49,85,20,4.23,few clouds
505,Tahe,CN,52.3333,124.7333,75.22,40,3,4.81,clear sky
506,Balkhash,KZ,46.844,74.9804,88.41,22,0,15.66,clear sky
507,Hue,VN,16.4667,107.6,96.91,41,40,19.57,light rain
508,Westport,US,41.1415,-73.3579,69.85,83,75,5.99,broken clouds
509,Dudinka,RU,69.4058,86.1778,63.72,69,95,5.39,overcast clouds
510,Paine,CL,-33.8167,-70.75,64.71,20,0,3.38,clear sky
511,Kilifi,KE,-3.6305,39.8499,70.18,88,21,11.59,few clouds
512,Barguzin,RU,53.6167,109.6167,76.32,41,7,6.82,clear sky
513,Vodnyy,RU,63.5046,53.4095,63.91,70,15,5.61,few clouds
514,Shakiso,ET,5.75,38.9167,56.68,90,100,3.76,overcast clouds
515,Iracoubo,GF,5.4802,-53.2011,76.62,88,20,8.48,few clouds
516,Gwadar,PK,25.1216,62.3254,82.65,83,86,9.15,overcast clouds
517,Alta,NO,69.9689,23.2717,45.66,82,0,4.0,clear sky
518,Dom Pedrito,BR,-30.9828,-54.6731,43.95,93,0,4.9,clear sky
519,Domoni,KM,-12.2569,44.5319,74.88,73,62,11.9,broken clouds
520,Kayerkan,RU,69.3497,87.7602,63.55,65,80,5.5,broken clouds
521,Zaysan,KZ,47.4667,84.8667,83.32,21,0,8.05,clear sky
522,Poshekhonye,RU,58.4993,39.1353,62.85,95,100,4.36,overcast clouds
523,Fairbanks,US,64.8378,-147.7164,75.2,60,20,0.0,few clouds
524,Beian,NO,63.6559,9.5683,52.56,87,40,3.44,scattered clouds
525,Adolfo Lopez Mateos,MX,28.4667,-107.3,61.93,80,97,0.87,overcast clouds
526,Torbat-E Jam,IR,35.244,60.6225,83.52,12,0,23.71,clear sky
527,Pokhara,NP,28.2333,83.9833,80.31,81,64,5.21,broken clouds
528,Banda Aceh,ID,5.5577,95.3222,84.61,64,98,14.25,overcast clouds
529,Gorin,RU,51.1983,136.6669,75.2,58,96,4.63,overcast clouds
530,Mayumba,GA,-3.432,10.6554,73.09,86,88,4.88,overcast clouds
531,Rorvik,NO,64.8621,11.2373,44.58,93,40,3.44,scattered clouds
532,Jalu,LY,29.0331,21.5482,82.02,36,1,5.73,clear sky
533,Latehar,IN,23.75,84.5,84.34,67,79,5.39,broken clouds
534,Sinegorye,RU,62.0788,150.477,43.52,65,100,12.3,overcast clouds
535,Thinadhoo,MV,0.5333,72.9333,80.51,75,94,4.09,heavy intensity rain
536,Corner Brook,CA,48.9667,-57.9484,59.13,94,4,5.73,clear sky
537,Marrakesh,MA,31.6315,-8.0083,62.67,72,61,4.61,broken clouds
538,Kavieng,PG,-2.5744,150.7967,82.81,78,9,10.58,light rain
539,Melnikovo,RU,56.5558,84.085,71.17,56,94,2.64,overcast clouds
540,Cape Canaveral,US,28.4058,-80.6048,82.45,93,90,3.44,overcast clouds
541,Edson,CA,53.5835,-116.4356,69.94,94,1,3.44,clear sky
542,Parbatipur,BD,25.6649,88.9247,86.49,74,73,4.05,light rain
543,Thunder Bay,CA,48.4001,-89.3168,59.29,93,1,4.61,clear sky
544,Pavlovka,RU,52.6897,47.1405,77.32,54,40,3.44,scattered clouds
545,Gazanjyk,TM,39.2446,55.5154,89.04,12,1,0.81,clear sky
546,Sapa,PH,5.1544,120.3241,86.22,69,100,13.09,overcast clouds
547,Fort Nelson,CA,58.8053,-122.7002,78.39,65,20,2.3,smoke
548,Nhulunbuy,AU,-12.2333,136.7667,84.81,58,75,12.66,broken clouds
549,San Quintin,MX,30.4833,-115.95,69.82,77,25,10.49,scattered clouds
550,Matehuala,MX,23.65,-100.65,69.66,67,78,10.0,broken clouds
551,Lima,PE,-12.0432,-77.0282,61.05,85,90,8.05,overcast clouds
552,Pyshchug,RU,58.8873,45.7134,62.53,94,100,6.22,overcast clouds
553,Oktyabrskoye,RU,43.0645,44.7417,69.94,88,17,2.24,few clouds
554,Lac Du Bonnet,CA,50.2536,-96.0612,63.59,56,8,2.95,clear sky
555,Marawi,PH,7.9986,124.2928,84.92,53,82,5.46,broken clouds
556,Ulagan,RU,50.6321,87.9563,68.76,43,10,2.28,clear sky
557,Chernogorsk,RU,53.8236,91.2842,74.77,50,0,6.71,clear sky
558,Araouane,ML,18.9048,-3.5265,91.04,40,7,11.16,clear sky
559,Batemans Bay,AU,-35.7167,150.1833,66.2,48,2,12.21,clear sky
560,Pisco,PE,-13.7,-76.2167,62.65,82,90,8.05,overcast clouds
561,Russell,US,32.3502,-85.1999,79.83,93,1,3.44,clear sky
562,Witu,KE,-2.3889,40.4382,75.36,82,62,11.77,broken clouds
563,Portland,US,45.5234,-122.6762,82.42,62,20,1.99,few clouds
564,Micheweni,TZ,-4.9667,39.8333,73.15,84,17,11.21,few clouds
565,Mikkeli,FI,61.6886,27.2723,60.15,94,75,3.44,broken clouds
566,Plouzane,FR,48.3833,-4.6167,59.09,97,75,5.75,light intensity drizzle
567,Newport,GB,51.5877,-2.9984,57.07,90,69,8.57,broken clouds
568,Amapa,BR,1.0,-52.0,70.32,99,80,1.77,broken clouds
569,Port Said,EG,31.2565,32.2841,82.2,61,0,5.68,clear sky
570,Tefe,BR,-3.3542,-64.7114,71.28,67,76,1.92,broken clouds
571,Gazli,UZ,40.1333,63.45,90.61,9,2,17.49,clear sky
572,Kodlipet,IN,12.8,75.8833,69.66,83,97,11.72,overcast clouds
573,Sao Joao Da Barra,BR,-21.6403,-41.0511,64.49,73,59,4.97,broken clouds
574,Soma,TR,39.1855,27.6094,71.78,47,0,6.26,clear sky
575,Scarborough,GB,54.2797,-0.4044,52.92,87,70,5.91,broken clouds
576,Alice Springs,AU,-23.7,133.8833,74.21,21,41,11.99,scattered clouds
577,Goksun,TR,38.021,36.4973,67.15,47,0,7.09,clear sky
578,Balykshi,KZ,47.0667,51.8667,84.2,34,0,8.95,clear sky
579,Shimoda,JP,34.6667,138.95,85.1,73,86,11.07,overcast clouds
580,Aktau,KZ,43.65,51.2,88.38,30,1,5.55,clear sky
581,Arinos,BR,-15.9169,-46.1056,60.75,64,24,1.59,few clouds
582,Mackay,AU,-21.15,149.2,82.69,61,0,8.43,clear sky
583,Luwuk,ID,-0.9516,122.7875,85.26,69,14,5.12,few clouds
584,Matara,LK,5.9485,80.5353,83.62,70,81,11.9,broken clouds
585,Yumen,CN,40.2833,97.2,74.32,31,65,4.14,broken clouds
586,Littleton,US,39.6133,-105.0166,73.31,61,75,8.05,broken clouds
587,Yenagoa,NG,4.9247,6.2642,73.6,93,31,3.47,scattered clouds
588,Wyndham,US,37.6985,-77.6125,73.94,93,1,0.0,mist
589,Rundu,NA,-17.9333,19.7667,50.52,56,0,5.66,clear sky
590,Cabacao,PH,13.3356,120.6588,84.15,79,83,14.07,broken clouds
591,Nachalovo,RU,46.338,48.2013,84.13,48,0,2.24,clear sky
592,Pilot Butte,CA,50.4668,-104.4178,69.42,52,75,6.91,broken clouds
593,Paso De Carrasco,UY,-34.8603,-56.0522,46.54,100,90,4.61,fog
594,Staffanstorp,SE,55.6428,13.2064,58.33,82,75,12.66,broken clouds
595,Esmeraldas,BR,-19.7625,-44.3139,55.71,77,6,5.19,clear sky
596,Buraydah,SA,26.326,43.975,82.85,8,6,10.6,clear sky
597,Penarroya-Pueblonuevo,ES,38.3,-5.2667,62.46,70,99,2.93,overcast clouds
598,Rodrigues Alves,BR,-7.738,-72.6509,66.76,66,6,1.77,clear sky
599,Carberry,CA,49.8689,-99.3602,62.65,38,79,5.97,broken clouds
600,Teguldet,RU,57.3064,88.1667,69.91,53,1,2.77,clear sky
601,Uchiza,PE,-8.4592,-76.4633,65.44,97,55,2.42,broken clouds
602,Cleethorpes,GB,53.5605,-0.0323,54.36,87,75,6.91,broken clouds
603,Manyana,BW,-23.4,21.7167,47.46,45,0,4.74,clear sky
604,Tabuk,PH,17.4189,121.4443,91.2,56,100,3.69,overcast clouds
605,Doctor Juan Manuel Frutos,PY,-25.3667,-55.8,52.39,68,0,4.52,clear sky
606,Palera,IN,25.0167,79.2333,76.95,94,100,4.97,overcast clouds
607,Xichang,CN,27.8964,102.2634,79.21,57,0,2.82,clear sky
608,Mata,PT,40.683,-7.4592,56.93,97,76,0.65,broken clouds
609,Hilton Head Island,US,32.2163,-80.7526,80.65,79,1,0.0,clear sky
610,Lao Cai,VN,22.4833,103.95,94.75,47,12,1.7,few clouds
611,Dubbo,AU,-32.25,148.6167,66.33,39,0,12.66,clear sky
612,Nybro,SE,56.7446,15.9071,59.05,91,8,5.82,clear sky
613,Jardanhaza,HU,48.15,20.25,58.41,95,98,5.7,overcast clouds
614,Porto Novo,BJ,6.4965,2.6036,74.05,90,49,6.24,scattered clouds
615,Goundam,ML,16.4145,-3.6708,85.33,51,14,13.56,few clouds
616,Susehri,TR,40.1644,38.0867,64.11,80,33,3.15,scattered clouds
617,Jacqueville,CI,5.2052,-4.4146,75.11,89,5,6.17,clear sky
618,Kuandian,CN,40.7286,124.7847,74.73,80,100,4.76,light rain
619,Lagunas,PE,-5.2269,-75.6753,67.68,84,37,2.44,scattered clouds
620,Oktyabrskiy,RU,54.4815,53.471,76.28,42,69,4.21,broken clouds
621,Bari Sadri,IN,24.4167,74.4667,79.14,96,100,11.34,moderate rain
622,Davila,PH,18.4726,120.5763,82.38,87,100,26.57,moderate rain
623,Cibitoke,BI,-2.8833,29.25,59.36,66,25,3.58,scattered clouds
624,La Ronge,CA,55.1001,-105.2842,70.02,64,75,3.44,smoke
625,Nakamura,JP,32.9833,132.9333,87.3,64,99,6.33,overcast clouds
626,Gariaband,IN,20.635,82.0614,82.92,67,75,13.91,broken clouds
627,Yar-Sale,RU,66.8333,70.8333,55.08,98,100,11.97,light rain
628,Pittsburg,US,38.028,-121.8847,70.92,66,1,4.0,clear sky
629,Porto Santo,PT,33.072,-16.3415,71.51,83,40,12.66,scattered clouds
630,Beloha,MG,-25.1667,45.05,61.83,63,0,6.15,clear sky
631,Kattivakkam,IN,13.2167,80.3167,89.69,51,100,12.73,overcast clouds
632,Mana,GF,5.6592,-53.7767,76.24,89,83,7.25,broken clouds
633,Omboue,GA,-1.5746,9.2618,73.63,84,74,5.57,broken clouds
634,Usinsk,RU,65.9939,57.5281,53.92,85,100,7.74,overcast clouds
635,New Bern,US,35.1085,-77.0441,77.99,99,75,5.75,broken clouds
636,Port-Cartier,CA,50.0334,-66.8654,56.75,84,63,5.26,broken clouds
637,Gudari,IN,19.35,83.7833,86.79,67,75,6.73,broken clouds
638,Mala Danylivka,UA,50.0635,36.1656,73.81,68,0,0.0,clear sky
639,Manicore,BR,-5.8092,-61.3003,73.0,53,30,2.84,scattered clouds
640,Mariental,NA,-24.6333,17.9667,49.71,37,0,9.31,clear sky
641,Saeby,DK,57.3319,10.5225,57.96,87,81,15.64,broken clouds
642,Meadow Lake,US,34.8014,-106.5436,75.47,61,15,11.36,few clouds
643,Methoni,GR,36.8197,21.7049,85.21,52,0,11.3,clear sky
644,Callaway,US,30.153,-85.5699,85.91,81,1,1.01,clear sky
645,Bandar-E Lengeh,IR,26.5579,54.8807,91.51,70,10,0.0,haze
646,Esplanada,BR,-11.7961,-37.945,64.31,97,55,3.13,broken clouds
647,Giyani,ZA,-23.3025,30.7187,56.43,26,0,5.35,clear sky
648,Payson,US,40.0444,-111.7321,69.28,86,40,10.36,scattered clouds
649,Kerchevskiy,RU,59.946,56.2884,62.31,80,100,5.03,overcast clouds
650,Cockburn Town,TC,21.4612,-71.1419,82.02,79,100,20.42,overcast clouds
651,Cervo,ES,43.6702,-7.4101,59.97,84,39,0.94,scattered clouds
652,Woodward,US,36.4337,-99.3904,70.74,91,1,3.44,clear sky
653,Goianesia,BR,-15.3175,-49.1175,66.61,54,1,3.94,clear sky
654,Mayor Pablo Lagerenza,PY,-19.9309,-60.7718,63.61,29,100,4.41,overcast clouds
655,Kamenka,RU,51.3223,42.7678,75.63,56,4,6.2,clear sky
656,Saint-Louis,SN,16.3333,-15.0,75.65,90,100,13.11,overcast clouds
657,Mancio Lima,BR,-7.6142,-72.8958,66.7,69,6,1.97,clear sky
658,Nouadhibou,MR,20.931,-17.0347,71.58,78,0,12.66,clear sky
659,Sorong,ID,-0.8833,131.25,87.85,64,57,10.83,broken clouds
660,Haapiti,PF,-17.5667,-149.8667,77.72,62,9,9.78,clear sky
661,Rivadavia,AR,-33.1905,-68.4608,41.47,39,0,1.66,clear sky
662,Bailieborough,IE,53.9167,-6.9667,44.44,95,95,3.83,overcast clouds
663,Amga,RU,60.8953,131.9608,80.22,36,100,10.69,overcast clouds
664,Kangaba,ML,11.9333,-8.4167,70.83,96,22,5.91,few clouds
665,Chimore,BO,-16.9833,-65.1333,60.19,53,12,1.39,few clouds
666,Svetlaya,RU,46.5389,138.3297,69.55,73,72,9.1,broken clouds
667,Carauari,BR,-4.8828,-66.8958,73.17,63,94,1.86,overcast clouds
668,Hailar,CN,49.2,119.7,74.46,48,0,7.29,clear sky
669,Bagdarin,RU,54.4333,113.6,65.46,58,100,2.46,light rain
670,Sao Joao Do Paraiso,BR,-15.3136,-42.0144,52.03,94,93,4.9,overcast clouds
671,Eyl,SO,7.9803,49.8164,79.88,67,37,29.28,scattered clouds
672,West Bay,KY,19.3667,-81.4167,81.0,85,95,1.99,overcast clouds
673,Montesarchio,IT,41.0654,14.6402,75.45,69,1,3.27,clear sky
674,Korla,CN,41.7597,86.1469,82.0,16,68,6.6,broken clouds
675,Kaabong,UG,3.4836,34.1492,63.27,78,91,4.41,overcast clouds
676,Alyangula,AU,-13.8483,136.4192,84.07,74,75,8.05,broken clouds
677,Sovetskiy,RU,61.3614,63.5842,63.82,73,6,9.4,clear sky
678,Yaan,NG,7.3833,8.5667,71.33,95,99,3.31,overcast clouds
679,Aykino,RU,62.2248,49.9922,55.72,99,100,2.8,overcast clouds
680,Mugur-Aksy,RU,50.35,90.5,59.58,41,3,3.76,clear sky
681,Sidney,AU,-33.8679,151.2073,66.34,58,75,1.01,broken clouds
682,Booue,GA,-0.0921,11.9385,72.79,90,100,2.55,light rain
683,Henderson,US,36.0397,-114.9819,95.11,33,1,9.22,clear sky
684,Lagoa,PT,39.05,-27.9833,71.94,94,100,13.24,overcast clouds
685,Osmena,PH,10.5208,119.9258,84.79,73,71,12.97,broken clouds
686,Avera,US,33.194,-82.5271,82.71,79,19,6.02,few clouds
687,Garden City,US,42.3256,-83.331,62.89,81,1,11.5,clear sky
688,Praia,CV,14.9215,-23.5087,75.74,73,40,2.3,scattered clouds
689,Coxim,BR,-18.5067,-54.76,66.02,41,2,5.37,clear sky
690,Ternate,ID,0.8,127.4,84.34,71,87,8.86,overcast clouds
691,Sayyan,YE,15.1718,44.3244,62.24,65,100,3.58,overcast clouds
692,Inta,RU,66.0317,60.1659,53.87,90,89,10.63,overcast clouds
693,Wichita,US,37.6922,-97.3375,71.19,60,1,8.05,clear sky
694,Magway,MM,20.15,94.9167,83.12,77,100,12.55,overcast clouds
695,Dumai,ID,1.6833,101.45,91.02,51,65,2.98,broken clouds
696,Acari,PE,-15.4311,-74.6158,65.17,69,54,2.66,broken clouds
